Name,Phone,Email,Company,LastUpdated
Himanshu,+1234567890,himanshu@gmail.com,Magic Bricks,2026-01-21 11:09:53
Jane Smith,+12345678901,janesmith.com,Jane Edwards Smith,2026-01-21 11:03:41
Himanshu,123456789,himanshu at gmail com,Magic Bricks,2026-01-21 12:10:11
Himanshu,123-123-4567,himanshu@gmail.com,Magic Bricks,2026-01-21 12:13:49
Himan,12341234567,himanshuil com,magic bricks,2026-01-21 12:18:01
Himanshua,one two three one two three four five six seven eight,himanshu one two three at gmail com,its magic bricks,2026-01-21 12:20:32
sean o'brie,9123456780,s.obrie@example.com,Example Inc,2026-01-21 15:57:26
Himanshu,12345678890,himanshu@job.com,plant,2026-01-22 12:20:06
Himanshu Kumar Sah,8120987836,Himanshu@gmail.gov,Plants on trees,2026-01-22 12:25:53
Matt,009988776654,matt@google.org,Google,2026-01-22 12:34:48
James,789456123,James@work.com,work,2026-01-22 12:39:12
Himanshu,6541230,himanshu123@work.com,work.gov.in,2026-01-22 12:40:58
Joy,96385274102,joy@work.com,job work,2026-01-22 12:45:25
Jane,7418529630,jane@smith.com,James,2026-01-22 12:49:29
Jake,9517534682,Jake@alextext.com,Alex Tech,2026-01-22 12:53:55
James,789321654,James@work.gov,Work at Work,2026-01-22 13:02:53
James,7537539514,james@work.in,homeworks,2026-01-22 13:17:11
James,7548529632,James@alexwork.net,Alex works,2026-01-22 13:20:20
Jared,754123698765,Jared@governmentworks.com,government works,2026-01-22 13:22:14
Jared,752489612,jared@work.com,government leases,2026-01-22 13:24:23
Jane,7423698124,james@work.in,work.in,2026-01-22 13:27:32
Jan,52321568,jane@smithwork.com,Smithworks,2026-01-22 13:36:17
Himanshu,1234567890,himanshu@work.in,work.in,2026-01-22 18:07:21
Jack Sparrow,123-123-1234,jack@sparrow.com,Jack Sparrow,2026-01-22 14:04:53
Himanshu,1234567899909,himanshu@himanshu.com,Himanshu,2026-01-22 16:27:52
Adam,3123456789,Adam@workonworkinthework.com,work on work in work,2026-01-22 17:36:15
